NNList,Seed
New
12345
m,o,n,a,-,l,i,s,a,1,0,0,k,.,t,s,p
46652.220895,46898.891427,46615.319275,46769.432955,46905.200228
6609397.0,6608024.0,6606714.0,6605120.0,6612413.0
46735.35037310398,46981.884415042005,46697.986127707,46852.327481806045,46988.596343614976
|(46615.319275, 46652.220895, 46769.432955, 46898.891427, 46905.200228, 46768.212955999996, 4.6768212956)|
|(6605120.0, 6606714.0, 6608024.0, 6609397.0, 6612413.0, 6608333.6, 660.83336)|
|(46697.986127707, 46735.35037310398, 46852.327481806045, 46981.884415042005, 46988.596343614976, 46851.2289482548, 4.68512289482548)|
6129
--------------
