NNList,Seed
New
12345
f,l,3,7,9,5,.,t,s,p
22.193893,22.121431,22.14938,22.190579,22.484738,22.149769,22.269561,22.159884,22.191538,22.143611,22.190834,22.099039,22.160542,22.180743,22.175602,22.16438,22.176346,22.118629,22.10319,22.205603,22.149942,22.077188,22.13653,22.15515,22.150616,22.117059,22.123061,22.112329,22.159442,22.195365,22.136271,22.222814,22.188775,22.201509,22.144649,22.173669,22.20936,22.155454,22.093523,22.259312,22.054593,22.127183,22.185503,22.249991,22.119551,22.183218,22.115889,22.161521,22.148937,22.177774
33672.0,33336.0,33530.0,33540.0,33949.0,33539.0,33789.0,33852.0,33838.0,33508.0,33585.0,33500.0,33543.0,33434.0,33603.0,33632.0,33587.0,33548.0,33689.0,33510.0,34026.0,33470.0,33587.0,33582.0,33823.0,33579.0,33546.0,33635.0,33569.0,33713.0,33464.0,33724.0,33643.0,33644.0,33438.0,33499.0,33762.0,33509.0,33594.0,33704.0,33492.0,33555.0,33421.0,33586.0,33533.0,33531.0,33744.0,33471.0,33677.0,33867.0
23.058535012009088,22.940212533983868,22.9682145260158,23.010677043988835,23.30420861399034,22.96757343102945,23.088043351017404,22.978477454045787,23.010559892980382,22.962322298029903,23.009732503967825,22.918976749002468,22.97968511498766,22.99890351400245,22.996720761992037,22.995201974001247,22.99570757796755,22.93749837699579,22.923104498011526,23.026605452003423,22.96927300799871,22.897856805007905,22.954898289986886,22.97335902095074,22.96860420604935,22.936549545032904,22.94156164099695,22.93189283501124,22.978997903992422,23.0136124700075,22.95460097398609,23.041884053964168,23.00783139601117,23.021412082016468,22.965931090991944,22.99116185901221,23.027619311993476,22.97418528003618,22.91226591996383,23.078622793022078,22.872697865997907,22.947129998006858,23.004992187023163,23.070334040967282,22.93667440599529,23.00276867498178,22.93675914098276,22.979766041971743,22.96697754698107,22.995811697968747
|(22.054593, 22.127183, 22.159884, 22.190579, 22.484738, 22.1663094, 0.184719245)|
|(33336.0, 33510.0, 33585.0, 33689.0, 34026.0, 33611.44, 280.0953333333334)|
|(22.872697865997907, 22.947129998006858, 22.978997903992422, 23.009732503967825, 23.30420861399034, 22.986539855338634, 0.19155449879448863)|
r,l,5,9,3,4,.,t,s,p
